{"version": {"json_export": "184", "page_segmentation": "5", "schema": "1.1.0", "structure": "1.1013.0", "table_structure": "5"}, "extended_metadata": {"ID_instance": "71 7E D6 C1 9F B6 B2 11 0A 00 67 45 8B 6B C6 23 ", "ID_permanent": "32 32 20 46 39 20 44 33 20 43 31 20 39 46 20 42 36 20 42 32 20 31 31 20 30 41 20 30 30 20 36 37 20 34 35 20 38 42 20 36 42 20 43 36 20 32 33 20 ", "pdf_version": "1.6", "pdfa_compliance_level": "", "is_encrypted": false, "has_acroform": true, "is_digitally_signed": false, "pdfua_compliance_level": "", "page_count": 4, "has_embedded_files": false, "is_certified": false, "is_XFA": false, "language": "en-US"}, "elements": [{"Bounds": [200.3300018310547, 746.0200042724609, 417.1101531982422, 764.7799987792969], "ClipBounds": [200.3300018310547, 746.0200042724609, 417.1101531982422, 764.7799987792969], "Font": {"alt_family_name": "Arial", "embedded": false, "encoding": "WinAnsiEncoding", "family_name": "Arial", "font_type": "TrueType", "italic": false, "monospaced": false, "name": "Arial-BoldMT", "subset": false, "weight": 700}, "HasClip": true, "Lang": "en", "Page": 0, "Path": "//Document/Sect/Title", "Text": "ADVANCE DIRECTIVE ", "TextSize": 20.0, "attributes": {"LineHeight": 24, "SpaceAfter": 18, "TextAlign": "Center"}}, {"Bounds": [72.02499389648438, 663.1799926757812, 526.2489929199219, 729.7059936523438], "ClipBounds": [72.02499389648438, 663.1799926757812, 526.2489929199219, 729.7059936523438], "Font": {"alt_family_name": "Arial", "embedded": false, "encoding": "WinAnsiEncoding", "family_name": "Arial MT", "font_type": "TrueType", "italic": false, "monospaced": false, "name": "ArialMT", "subset": false, "weight": 400}, "HasClip": true, "Lang": "en", "Page": 0, "Path": "//Document/Sect/P", "Text": "An advance directive is a document that allows a principal to select someone else to make health care decisions if they are not able to for themselves. In addition, it will enable a principal to choose their end-of-life treatment options on whether to prolong their life. Depending on State law, this document must be signed in the presence of a notary public and/or two (2) witnesses. ", "TextSize": 12.0}, {"Bounds": [72.02499389648438, 635.6799926757812, 423.4560852050781, 646.9360046386719], "ClipBounds": [72.02499389648438, 635.6799926757812, 423.4560852050781, 646.9360046386719], "Font": {"alt_family_name": "Arial", "embedded": false, "encoding": "WinAnsiEncoding", "family_name": "Arial MT", "font_type": "TrueType", "italic": false, "monospaced": false, "name": "ArialMT", "subset": false, "weight": 400}, "HasClip": true, "Lang": "en", "Page": 0, "Path": "//Document/Sect[2]/H1", "Text": "THIS FORM CONTAINS 2 PARTS (EACH PART IS OPTIONAL): ", "TextSize": 12.0}, {"Bounds": [69.75, 607.9299926757812, 314.52099609375, 621.8600006103516], "ClipBounds": [69.75, 607.9299926757812, 314.52099609375, 621.8600006103516], "Font": {"alt_family_name": "Arial", "embedded": false, "encoding": "WinAnsiEncoding", "family_name": "Arial MT", "font_type": "TrueType", "italic": false, "monospaced": false, "name": "ArialMT", "subset": false, "weight": 400}, "HasClip": true, "Page": 0, "Path": "//Document/Sect[2]/Sect/H2/StyleSpan/Reference", "Text": "PART I. MEDICAL POWER OF ATTORNEY ", "TextSize": 12.0}, {"Bounds": [69.75, 607.9299926757812, 314.52099609375, 621.8600006103516], "ClipBounds": [69.75, 607.9299926757812, 314.52099609375, 621.8600006103516], "Lang": "en", "Page": 0, "Path": "//Document/Sect[2]/Sect/H2"}, {"Bounds": [69.75, 580.3999938964844, 194.4969940185547, 594.2599945068359], "ClipBounds": [69.75, 580.3999938964844, 194.4969940185547, 594.2599945068359], "Font": {"alt_family_name": "Arial", "embedded": false, "encoding": "WinAnsiEncoding", "family_name": "Arial MT", "font_type": "TrueType", "italic": false, "monospaced": false, "name": "ArialMT", "subset": false, "weight": 400}, "HasClip": true, "Page": 0, "Path": "//Document/Sect[2]/Sect[2]/H2/StyleSpan/Reference", "Text": "PART II. LIVING WILL ", "TextSize": 12.0}, {"Bounds": [69.75, 580.3999938964844, 194.4969940185547, 594.2599945068359], "ClipBounds": [69.75, 580.3999938964844, 194.4969940185547, 594.2599945068359], "Lang": "en", "Page": 0, "Path": "//Document/Sect[2]/Sect[2]/H2", "attributes": {"SpaceAfter": 10.375}}, {"Bounds": [146.8000030517578, 550.0599975585938, 469.44012451171875, 565.0679931640625], "ClipBounds": [146.8000030517578, 550.0599975585938, 469.44012451171875, 565.0679931640625], "Font": {"alt_family_name": "Arial", "embedded": false, "encoding": "WinAnsiEncoding", "family_name": "Arial", "font_type": "TrueType", "italic": false, "monospaced": false, "name": "Arial-BoldMT", "subset": false, "weight": 700}, "HasClip": true, "Lang": "en", "Page": 0, "Path": "//Document/Sect[3]/H1", "Text": "PART I. MEDICAL POWER OF ATTORNEY ", "TextSize": 16.0, "attributes": {"LineHeight": 19.25, "TextAlign": "Center"}}, {"Bounds": [72.02499389648438, 508.6300048828125, 537.18798828125, 533.6660003662109], "ClipBounds": [72.02499389648438, 508.6300048828125, 537.18798828125, 533.6660003662109], "Font": {"alt_family_name": "Arial", "embedded": false, "encoding": "WinAnsiEncoding", "family_name": "Arial MT", "font_type": "TrueType", "italic": false, "monospaced": false, "name": "ArialMT", "subset": false, "weight": 400}, "HasClip": true, "Lang": "en", "Page": 0, "Path": "//Document/Sect[3]/P", "Text": "A medical power of attorney allows you the right to name someone else to make health care decisions on your behalf. ", "TextSize": 12.0}, {"Bounds": [72.02499389648438, 480.8800048828125, 307.8979034423828, 492.13600158691406], "ClipBounds": [72.02499389648438, 480.8800048828125, 307.8979034423828, 492.13600158691406], "Font": {"alt_family_name": "Arial", "embedded": false, "encoding": "WinAnsiEncoding", "family_name": "Arial MT", "font_type": "TrueType", "italic": false, "monospaced": false, "name": "ArialMT", "subset": false, "weight": 400}, "HasClip": true, "Lang": "en", "Page": 0, "Path": "//Document/Sect[3]/P[2]", "Text": "I choose to: (initial and check) (choose one) ", "TextSize": 12.0}, {"Bounds": [72.02499389648438, 452.53399658203125, 322.8560028076172, 465.9259948730469], "ClipBounds": [72.02499389648438, 452.53399658203125, 322.8560028076172, 465.9259948730469], "Font": {"alt_family_name": "Arial", "embedded": false, "encoding": "WinAnsiEncoding", "family_name": "Arial MT", "font_type": "TrueType", "italic": false, "monospaced": false, "name": "ArialMT", "subset": false, "weight": 400}, "HasClip": true, "Page": 0, "Path": "//Document/Sect[3]/P[3]/Sub", "Text": "______ \u2610 - Have a medical power of attorney. ", "TextSize": 12.0, "attributes": {"Placement": "Block"}}, {"Bounds": [72.02499389648438, 437.03399658203125, 535.2079925537109, 450.4259948730469], "ClipBounds": [72.02499389648438, 437.03399658203125, 535.2079925537109, 450.4259948730469], "Font": {"alt_family_name": "Arial", "embedded": false, "encoding": "WinAnsiEncoding", "family_name": "Arial MT", "font_type": "TrueType", "italic": false, "monospaced": false, "name": "ArialMT", "subset": false, "weight": 400}, "HasClip": true, "Page": 0, "Path": "//Document/Sect[3]/P[3]/Sub[2]", "Text": "______ \u2610 - Not have a medical power of attorney. Part I of this form is intentionally left ", "TextSize": 12.0, "attributes": {"Placement": "Block"}}, {"Bounds": [72.02499389648438, 422.36000061035156, 107.66499328613281, 433.6159973144531], "ClipBounds": [72.02499389648438, 422.36000061035156, 107.66499328613281, 433.6159973144531], "Font": {"alt_family_name": "Arial", "embedded": false, "encoding": "WinAnsiEncoding", "family_name": "Arial MT", "font_type": "TrueType", "italic": false, "monospaced": false, "name": "ArialMT", "subset": false, "weight": 400}, "HasClip": true, "Page": 0, "Path": "//Document/Sect[3]/P[3]/Sub[3]", "Text": "blank. ", "TextSize": 12.0, "attributes": {"Placement": "Block"}}, {"Bounds": [72.02499389648438, 394.61000061035156, 484.5220031738281, 405.8659973144531], "ClipBounds": [72.02499389648438, 394.61000061035156, 484.5220031738281, 405.8659973144531], "Font": {"alt_family_name": "Arial", "embedded": false, "encoding": "WinAnsiEncoding", "family_name": "Arial MT", "font_type": "TrueType", "italic": false, "monospaced": false, "name": "ArialMT", "subset": false, "weight": 400}, "HasClip": true, "Lang": "en", "Page": 0, "Path": "//Document/Sect[3]/P[4]", "Text": "A. PRINCIPAL. I, __________________________, with a mailing address of ", "TextSize": 12.0}, {"Bounds": [72.02499389648438, 367.0140075683594, 541.3450012207031, 392.1159973144531], "ClipBounds": [72.02499389648438, 367.0140075683594, 541.3450012207031, 392.1159973144531], "Font": {"alt_family_name": "Arial", "embedded": true, "encoding": "Identity-H", "family_name": "Arial MT", "font_type": "CIDFontType2", "italic": false, "monospaced": false, "name": "ArialMT", "subset": false, "weight": 400}, "HasClip": true, "Lang": "en", "Page": 0, "Path": "//Document/Sect[3]/P[5]", "Text": "__________________________, City of __________________________, State of __________________________, Zip Code: __________ (\u201cPrincipal\u201d) hereby designate: ", "TextSize": 12.0}, {"Bounds": [72.02499389648438, 311.73399353027344, 514.8260040283203, 350.58599853515625], "ClipBounds": [72.02499389648438, 311.73399353027344, 514.8260040283203, 350.58599853515625], "Font": {"alt_family_name": "Arial", "embedded": true, "encoding": "Identity-H", "family_name": "Arial MT", "font_type": "CIDFontType2", "italic": false, "monospaced": false, "name": "ArialMT", "subset": false, "weight": 400}, "HasClip": true, "Lang": "en", "Page": 0, "Path": "//Document/Sect[3]/P[6]", "Text": "B. AGENT. __________________________, with a mailing address of __________________________, City of __________________________, State of __________________________, Zip Code: __________ (\u201cAgent\u201d). ", "TextSize": 12.0}, {"Bounds": [72.02499389648438, 284.23399353027344, 360.37799072265625, 297.6260070800781], "ClipBounds": [72.02499389648438, 284.23399353027344, 360.37799072265625, 297.6260070800781], "Font": {"alt_family_name": "Arial", "embedded": false, "encoding": "WinAnsiEncoding", "family_name": "Arial MT", "font_type": "TrueType", "italic": false, "monospaced": false, "name": "ArialMT", "subset": false, "weight": 400}, "HasClip": true, "Lang": "en", "Page": 0, "Path": "//Document/Sect[3]/P[7]", "Text": "AGENT\u2019S TELEPHONE (CELL): (____) ____-______ ", "TextSize": 12.0}, {"Bounds": [72.02499389648438, 160.02999877929688, 542.9769897460938, 267.8159942626953], "ClipBounds": [72.02499389648438, 160.02999877929688, 542.9769897460938, 267.8159942626953], "Font": {"alt_family_name": "Arial", "embedded": false, "encoding": "WinAnsiEncoding", "family_name": "Arial MT", "font_type": "TrueType", "italic": false, "monospaced": false, "name": "ArialMT", "subset": false, "weight": 400}, "HasClip": true, "Lang": "en", "Page": 0, "Path": "//Document/Sect[3]/P[8]", "Text": "I select the above-named person as my Agent to act in all matters relating to my health care (including my mental health care) and including, without limitation, the power to give or refuse consent to all medical and surgical treatments, hospitalizations, and all related health care. This power of attorney is effective at the point when I am no longer able to communicate my health care wishes. My Agent's decisions under this power of attorney, during any period when I am unable to make and/or communicate my health care decisions or when there is uncertainty as to whether I am dead or alive, are binding on my heirs, devisees, and personal representatives. ", "TextSize": 12.0}, {"Bounds": [72.02499389648438, 90.90899658203125, 540.8600006103516, 143.53599548339844], "ClipBounds": [72.02499389648438, 90.90899658203125, 540.8600006103516, 143.53599548339844], "Font": {"alt_family_name": "Arial", "embedded": true, "encoding": "Identity-H", "family_name": "Arial MT", "font_type": "CIDFontType2", "italic": false, "monospaced": false, "name": "ArialMT", "subset": false, "weight": 400}, "HasClip": true, "Lang": "en", "Page": 0, "Path": "//Document/Sect[3]/P[9]", "Text": "C. ALTERNATE AGENT. If my Agent is unable or unwilling to serve or make a decision in a timely manner, I select __________________________, with a mailing address of __________________________, City of __________________________, State of __________________________, to act as my alternate agent (\u201cAlternate Agent\u201d): ", "TextSize": 12.0}, {"Bounds": [72.02499389648438, 63.40899658203125, 434.3979949951172, 76.80099487304688], "ClipBounds": [72.02499389648438, 63.40899658203125, 434.3979949951172, 76.80099487304688], "Font": {"alt_family_name": "Arial", "embedded": false, "encoding": "WinAnsiEncoding", "family_name": "Arial MT", "font_type": "TrueType", "italic": false, "monospaced": false, "name": "ArialMT", "subset": false, "weight": 400}, "HasClip": true, "Lang": "en", "Page": 0, "Path": "//Document/Sect[3]/P[10]", "Text": "ALTERNATE AGENT\u2019S TELEPHONE (CELL): (____) ____-______ ", "TextSize": 12.0}, {"Bounds": [72.02499389648438, 699.9499969482422, 538.7409973144531, 752.7059936523438], "ClipBounds": [72.02499389648438, 699.9499969482422, 538.7409973144531, 752.7059936523438], "Font": {"alt_family_name": "Arial", "embedded": false, "encoding": "WinAnsiEncoding", "family_name": "Arial MT", "font_type": "TrueType", "italic": false, "monospaced": false, "name": "ArialMT", "subset": false, "weight": 400}, "HasClip": true, "Lang": "en", "Page": 1, "Path": "//Document/Sect[3]/P[11]", "Text": "I intend for my Agent to receive any and all of my health records and information as if I were the one requesting such information. This release authority applies to any information governed by the Health Insurance Portability and Accountability Act of 1996 (aka HIPAA), 42 USC 1420D, and 45 CFR 160-164. ", "TextSize": 12.0, "attributes": {"SpaceAfter": 10.125}}, {"Bounds": [224.60000610351562, 669.8399963378906, 391.6719970703125, 684.8480072021484], "ClipBounds": [224.60000610351562, 669.8399963378906, 391.6719970703125, 684.8480072021484], "Font": {"alt_family_name": "Arial", "embedded": false, "encoding": "WinAnsiEncoding", "family_name": "Arial", "font_type": "TrueType", "italic": false, "monospaced": false, "name": "Arial-BoldMT", "subset": false, "weight": 700}, "HasClip": true, "Lang": "en", "Page": 1, "Path": "//Document/Sect[4]/H1", "Text": "PART II. LIVING WILL ", "TextSize": 16.0, "attributes": {"LineHeight": 19.25, "SpaceAfter": 18, "TextAlign": "Center"}}, {"Bounds": [72.02499389648438, 628.1799926757812, 517.9299926757812, 653.1860046386719], "ClipBounds": [72.02499389648438, 628.1799926757812, 517.9299926757812, 653.1860046386719], "Font": {"alt_family_name": "Arial", "embedded": false, "encoding": "WinAnsiEncoding", "family_name": "Arial MT", "font_type": "TrueType", "italic": false, "monospaced": false, "name": "ArialMT", "subset": false, "weight": 400}, "HasClip": true, "Lang": "en", "Page": 1, "Path": "//Document/Sect[4]/Sect/H2", "Text": "A living will allows a principal to select end-of-life treatment options in the chance of incapacitation with no viable cure. ", "TextSize": 12.0}, {"Bounds": [72.02499389648438, 600.6799926757812, 307.8959045410156, 611.9360046386719], "ClipBounds": [72.02499389648438, 600.6799926757812, 307.8959045410156, 611.9360046386719], "Font": {"alt_family_name": "Arial", "embedded": false, "encoding": "WinAnsiEncoding", "family_name": "Arial MT", "font_type": "TrueType", "italic": false, "monospaced": false, "name": "ArialMT", "subset": false, "weight": 400}, "HasClip": true, "Lang": "en", "Page": 1, "Path": "//Document/Sect[4]/Sect/P", "Text": "I choose to: (initial and check) (choose one) ", "TextSize": 12.0}, {"Bounds": [72.02499389648438, 572.0540008544922, 232.77200317382812, 585.4459991455078], "ClipBounds": [72.02499389648438, 572.0540008544922, 232.77200317382812, 585.4459991455078], "Font": {"alt_family_name": "Arial", "embedded": false, "encoding": "WinAnsiEncoding", "family_name": "Arial MT", "font_type": "TrueType", "italic": false, "monospaced": false, "name": "ArialMT", "subset": false, "weight": 400}, "HasClip": true, "Page": 1, "Path": "//Document/Sect[4]/Sect/P[2]/Sub", "Text": "______ \u2610 - Have a living will. ", "TextSize": 12.0, "attributes": {"Placement": "Block"}}, {"Bounds": [72.02499389648438, 556.5540008544922, 483.93199157714844, 569.9459991455078], "ClipBounds": [72.02499389648438, 556.5540008544922, 483.93199157714844, 569.9459991455078], "Font": {"alt_family_name": "Arial", "embedded": false, "encoding": "WinAnsiEncoding", "family_name": "Arial MT", "font_type": "TrueType", "italic": false, "monospaced": false, "name": "ArialMT", "subset": false, "weight": 400}, "HasClip": true, "Page": 1, "Path": "//Document/Sect[4]/Sect/P[2]/Sub[2]", "Text": "______ \u2610 - Not have a living will. Part II of this form is intentionally left blank. ", "TextSize": 12.0, "attributes": {"Placement": "Block"}}, {"Bounds": [72.02499389648438, 528.1499938964844, 484.8199920654297, 539.406005859375], "ClipBounds": [72.02499389648438, 528.1499938964844, 484.8199920654297, 539.406005859375], "Font": {"alt_family_name": "Arial", "embedded": false, "encoding": "WinAnsiEncoding", "family_name": "Arial MT", "font_type": "TrueType", "italic": false, "monospaced": false, "name": "ArialMT", "subset": false, "weight": 400}, "HasClip": true, "Page": 1, "Path": "//Document/Sect[4]/Sect/P[3]/Sub", "Text": "A. PRINCIPAL. I, __________________________, with a mailing address of ", "TextSize": 12.0, "attributes": {"Placement": "Block"}}, {"Bounds": [72.02499389648438, 514.3999938964844, 536.7129974365234, 525.656005859375], "ClipBounds": [72.02499389648438, 514.3999938964844, 536.7129974365234, 525.656005859375], "Font": {"alt_family_name": "Arial", "embedded": false, "encoding": "WinAnsiEncoding", "family_name": "Arial MT", "font_type": "TrueType", "italic": false, "monospaced": false, "name": "ArialMT", "subset": false, "weight": 400}, "HasClip": true, "Page": 1, "Path": "//Document/Sect[4]/Sect/P[3]/Sub[2]", "Text": "____________________________, City of __________________________________, ", "TextSize": 12.0, "attributes": {"Placement": "Block"}}, {"Bounds": [72.02499389648438, 500.3800048828125, 536.5569915771484, 511.63600158691406], "ClipBounds": [72.02499389648438, 500.3800048828125, 536.5569915771484, 511.63600158691406], "Font": {"alt_family_name": "Arial", "embedded": false, "encoding": "WinAnsiEncoding", "family_name": "Arial MT", "font_type": "TrueType", "italic": false, "monospaced": false, "name": "ArialMT", "subset": false, "weight": 400}, "HasClip": true, "Page": 1, "Path": "//Document/Sect[4]/Sect/P[3]/Sub[3]", "Text": "County of ___________________________, State of ______________________, with ", "TextSize": 12.0, "attributes": {"Placement": "Block"}}, {"Bounds": [72.02499389648438, 459.1300048828125, 516.6659088134766, 497.88600158691406], "ClipBounds": [72.02499389648438, 459.1300048828125, 516.6659088134766, 497.88600158691406], "Font": {"alt_family_name": "Arial", "embedded": false, "encoding": "WinAnsiEncoding", "family_name": "Arial MT", "font_type": "TrueType", "italic": false, "monospaced": false, "name": "ArialMT", "subset": false, "weight": 400}, "HasClip": true, "Lang": "en", "Page": 1, "Path": "//Document/Sect[4]/Sect/P[4]", "Text": "the last four (4) digits of my social security number (SSN) being XXX - XX - ______ (\u201cPrincipal\u201d) desire to advise my doctors and medical providers of my wishes for my health care in the event I am not able to communicate my wishes. ", "TextSize": 12.0, "attributes": {"LineHeight": 13.75, "TextAlign": "Justify"}}, {"Bounds": [72.02499389648438, 431.36000061035156, 181.5019989013672, 442.6159973144531], "ClipBounds": [72.02499389648438, 431.36000061035156, 181.5019989013672, 442.6159973144531], "Font": {"alt_family_name": "Arial", "embedded": false, "encoding": "WinAnsiEncoding", "family_name": "Arial MT", "font_type": "TrueType", "italic": false, "monospaced": false, "name": "ArialMT", "subset": false, "weight": 400}, "HasClip": true, "Lang": "en", "Page": 1, "Path": "//Document/Sect[4]/Sect[2]/H2", "Text": "B. LIFE SUPPORT. ", "TextSize": 12.0}, {"Bounds": [72.02499389648438, 348.5800018310547, 534.2169952392578, 415.1159973144531], "ClipBounds": [72.02499389648438, 348.5800018310547, 534.2169952392578, 415.1159973144531], "Font": {"alt_family_name": "Arial", "embedded": false, "encoding": "WinAnsiEncoding", "family_name": "Arial MT", "font_type": "TrueType", "italic": false, "monospaced": false, "name": "ArialMT", "subset": false, "weight": 400}, "HasClip": true, "Lang": "en", "Page": 1, "Path": "//Document/Sect[4]/Sect[2]/P", "Text": "I desire that my doctor make a concerted effort to return me to an acceptable quality of life using then available treatments and therapies. However, if my quality of life becomes unacceptable as I have defined below, and my doctors have determined that my condition will not improve (is irreversible), I direct that all treatments that extend my life be withdrawn. ", "TextSize": 12.0}, {"Bounds": [72.02499389648438, 321.0800018310547, 445.2580871582031, 332.33599853515625], "ClipBounds": [72.02499389648438, 321.0800018310547, 445.2580871582031, 332.33599853515625], "Font": {"alt_family_name": "Arial", "embedded": false, "encoding": "WinAnsiEncoding", "family_name": "Arial MT", "font_type": "TrueType", "italic": false, "monospaced": false, "name": "ArialMT", "subset": false, "weight": 400}, "HasClip": true, "Lang": "en", "Page": 1, "Path": "//Document/Sect[4]/Sect[2]/P[2]", "Text": "An unacceptable quality of life means (initial and check all that apply): ", "TextSize": 12.0}, {"Bounds": [72.02499389648438, 292.48399353027344, 371.19200134277344, 305.8760070800781], "ClipBounds": [72.02499389648438, 292.48399353027344, 371.19200134277344, 305.8760070800781], "Font": {"alt_family_name": "Arial", "embedded": false, "encoding": "WinAnsiEncoding", "family_name": "Arial MT", "font_type": "TrueType", "italic": false, "monospaced": false, "name": "ArialMT", "subset": false, "weight": 400}, "HasClip": true, "Page": 1, "Path": "//Document/Sect[4]/Sect[2]/P[3]/Sub", "Text": "______ \u2610 - Chronic coma or persistent vegetative state ", "TextSize": 12.0, "attributes": {"Placement": "Block"}}, {"Bounds": [72.02499389648438, 276.98399353027344, 362.2659912109375, 290.3760070800781], "ClipBounds": [72.02499389648438, 276.98399353027344, 362.2659912109375, 290.3760070800781], "Font": {"alt_family_name": "Arial", "embedded": false, "encoding": "WinAnsiEncoding", "family_name": "Arial MT", "font_type": "TrueType", "italic": false, "monospaced": false, "name": "ArialMT", "subset": false, "weight": 400}, "HasClip": true, "Page": 1, "Path": "//Document/Sect[4]/Sect[2]/P[3]/Sub[2]", "Text": "______ \u2610 - No longer able to communicate my needs ", "TextSize": 12.0, "attributes": {"Placement": "Block"}}, {"Bounds": [72.02499389648438, 261.46400451660156, 375.7359924316406, 274.8560028076172], "ClipBounds": [72.02499389648438, 261.46400451660156, 375.7359924316406, 274.8560028076172], "Font": {"alt_family_name": "Arial", "embedded": false, "encoding": "WinAnsiEncoding", "family_name": "Arial MT", "font_type": "TrueType", "italic": false, "monospaced": false, "name": "ArialMT", "subset": false, "weight": 400}, "HasClip": true, "Page": 1, "Path": "//Document/Sect[4]/Sect[2]/P[3]/Sub[3]", "Text": "______ \u2610 - No longer able to recognize family or friends ", "TextSize": 12.0, "attributes": {"Placement": "Block"}}, {"Bounds": [72.02499389648438, 245.96400451660156, 361.9420928955078, 259.3560028076172], "ClipBounds": [72.02499389648438, 245.96400451660156, 361.9420928955078, 259.3560028076172], "Font": {"alt_family_name": "Arial", "embedded": false, "encoding": "WinAnsiEncoding", "family_name": "Arial MT", "font_type": "TrueType", "italic": false, "monospaced": false, "name": "ArialMT", "subset": false, "weight": 400}, "HasClip": true, "Page": 1, "Path": "//Document/Sect[4]/Sect[2]/P[3]/Sub[4]", "Text": "______ \u2610 - Total dependence on others for daily care ", "TextSize": 12.0, "attributes": {"Placement": "Block"}}, {"Bounds": [72.02499389648438, 230.21400451660156, 541.3919982910156, 243.6060028076172], "ClipBounds": [72.02499389648438, 230.21400451660156, 541.3919982910156, 243.6060028076172], "Font": {"alt_family_name": "Arial", "embedded": false, "encoding": "WinAnsiEncoding", "family_name": "Arial MT", "font_type": "TrueType", "italic": false, "monospaced": false, "name": "ArialMT", "subset": false, "weight": 400}, "HasClip": true, "Page": 1, "Path": "//Document/Sect[4]/Sect[2]/P[3]/Sub[5]", "Text": "______ \u2610 - Other: ______________________________________________________. ", "TextSize": 12.0, "attributes": {"Placement": "Block"}}, {"Bounds": [72.02499389648438, 201.8000030517578, 242.3859100341797, 213.05599975585938], "ClipBounds": [72.02499389648438, 201.8000030517578, 242.3859100341797, 213.05599975585938], "Font": {"alt_family_name": "Arial", "embedded": false, "encoding": "WinAnsiEncoding", "family_name": "Arial MT", "font_type": "TrueType", "italic": false, "monospaced": false, "name": "ArialMT", "subset": false, "weight": 400}, "HasClip": true, "Lang": "en", "Page": 1, "Path": "//Document/Sect[4]/Sect[2]/P[4]", "Text": "(initial and check) (choose one) ", "TextSize": 12.0}, {"Bounds": [72.02499389648438, 158.52999877929688, 523.9400024414062, 186.8260040283203], "ClipBounds": [72.02499389648438, 158.52999877929688, 523.9400024414062, 186.8260040283203], "Font": {"alt_family_name": "Arial", "embedded": false, "encoding": "WinAnsiEncoding", "family_name": "Arial MT", "font_type": "TrueType", "italic": false, "monospaced": false, "name": "ArialMT", "subset": false, "weight": 400}, "HasClip": true, "Lang": "en", "Page": 1, "Path": "//Document/Sect[4]/Sect[2]/P[5]", "Text": "______ \u2610 - Even if I have the quality of life described above, I still wish to be treated with food and water by tube or intravenously (IV). ", "TextSize": 12.0}, {"Bounds": [72.02499389648438, 129.27999877929688, 542.5759887695312, 157.3260040283203], "ClipBounds": [72.02499389648438, 129.27999877929688, 542.5759887695312, 157.3260040283203], "Font": {"alt_family_name": "Arial", "embedded": false, "encoding": "WinAnsiEncoding", "family_name": "Arial MT", "font_type": "TrueType", "italic": false, "monospaced": false, "name": "ArialMT", "subset": false, "weight": 400}, "HasClip": true, "Lang": "en", "Page": 1, "Path": "//Document/Sect[4]/Sect[2]/P[6]", "Text": "______ \u2610 - If I have the quality of life described above, I do NOT wish to be treated with food and water by tube or intravenously (IV). ", "TextSize": 12.0, "attributes": {"SpaceAfter": 18}}, {"Bounds": [72.02499389648438, 755.2299957275391, 332.052001953125, 766.4859924316406], "ClipBounds": [72.02499389648438, 755.2299957275391, 332.052001953125, 766.4859924316406], "Font": {"alt_family_name": "Arial", "embedded": false, "encoding": "WinAnsiEncoding", "family_name": "Arial MT", "font_type": "TrueType", "italic": false, "monospaced": false, "name": "ArialMT", "subset": false, "weight": 400}, "HasClip": true, "Lang": "en", "Page": 2, "Path": "//Document/Sect[4]/Sect[3]/H2", "Text": "C. CERTAIN LIFE-SUSTAINING TREATMENT. ", "TextSize": 12.0}, {"Bounds": [72.02499389648438, 699.9499969482422, 532.2379913330078, 738.9559936523438], "ClipBounds": [72.02499389648438, 699.9499969482422, 532.2379913330078, 738.9559936523438], "Font": {"alt_family_name": "Arial", "embedded": false, "encoding": "WinAnsiEncoding", "family_name": "Arial MT", "font_type": "TrueType", "italic": false, "monospaced": false, "name": "ArialMT", "subset": false, "weight": 400}, "HasClip": true, "Lang": "en", "Page": 2, "Path": "//Document/Sect[4]/Sect[3]/P", "Text": "Some people do not wish to have certain life-sustaining treatments under any circumstance, even if recovery is a possibility. Check the treatments below, if any, that you do not wish to have under any circumstances: ", "TextSize": 12.0, "attributes": {"SpaceAfter": 18}}, {"Bounds": [72.02499389648438, 672.4499969482422, 242.3859100341797, 683.7059936523438], "ClipBounds": [72.02499389648438, 672.4499969482422, 242.3859100341797, 683.7059936523438], "Font": {"alt_family_name": "Arial", "embedded": false, "encoding": "WinAnsiEncoding", "family_name": "Arial MT", "font_type": "TrueType", "italic": false, "monospaced": false, "name": "ArialMT", "subset": false, "weight": 400}, "HasClip": true, "Lang": "en", "Page": 2, "Path": "//Document/Sect[4]/Sect[3]/P[2]", "Text": "(initial and check) (choose one) ", "TextSize": 12.0}, {"Bounds": [72.02499389648438, 644.0839996337891, 343.9879150390625, 657.4759979248047], "ClipBounds": [72.02499389648438, 644.0839996337891, 343.9879150390625, 657.4759979248047], "Font": {"alt_family_name": "Arial", "embedded": false, "encoding": "WinAnsiEncoding", "family_name": "Arial MT", "font_type": "TrueType", "italic": false, "monospaced": false, "name": "ArialMT", "subset": false, "weight": 400}, "HasClip": true, "Page": 2, "Path": "//Document/Sect[4]/Sect[3]/P[3]/Sub", "Text": "______ \u2610 - Cardiopulmonary Resuscitation (CPR) ", "TextSize": 12.0, "attributes": {"Placement": "Block"}}, {"Bounds": [72.02499389648438, 628.3339996337891, 306.7399139404297, 641.7259979248047], "ClipBounds": [72.02499389648438, 628.3339996337891, 306.7399139404297, 641.7259979248047], "Font": {"alt_family_name": "Arial", "embedded": false, "encoding": "WinAnsiEncoding", "family_name": "Arial MT", "font_type": "TrueType", "italic": false, "monospaced": false, "name": "ArialMT", "subset": false, "weight": 400}, "HasClip": true, "Page": 2, "Path": "//Document/Sect[4]/Sect[3]/P[3]/Sub[2]", "Text": "______ \u2610 - Ventilation (breathing machine) ", "TextSize": 12.0, "attributes": {"Placement": "Block"}}, {"Bounds": [72.02499389648438, 612.8339996337891, 210.7639923095703, 626.2259979248047], "ClipBounds": [72.02499389648438, 612.8339996337891, 210.7639923095703, 626.2259979248047], "Font": {"alt_family_name": "Arial", "embedded": false, "encoding": "WinAnsiEncoding", "family_name": "Arial MT", "font_type": "TrueType", "italic": false, "monospaced": false, "name": "ArialMT", "subset": false, "weight": 400}, "HasClip": true, "Page": 2, "Path": "//Document/Sect[4]/Sect[3]/P[3]/Sub[3]", "Text": "______ \u2610 - Feeding tube ", "TextSize": 12.0, "attributes": {"Placement": "Block"}}, {"Bounds": [72.02499389648438, 597.3339996337891, 182.08399963378906, 610.7259979248047], "ClipBounds": [72.02499389648438, 597.3339996337891, 182.08399963378906, 610.7259979248047], "Font": {"alt_family_name": "Arial", "embedded": false, "encoding": "WinAnsiEncoding", "family_name": "Arial MT", "font_type": "TrueType", "italic": false, "monospaced": false, "name": "ArialMT", "subset": false, "weight": 400}, "HasClip": true, "Page": 2, "Path": "//Document/Sect[4]/Sect[3]/P[3]/Sub[4]", "Text": "______ \u2610 - Dialysis ", "TextSize": 12.0, "attributes": {"Placement": "Block"}}, {"Bounds": [72.02499389648438, 581.8040008544922, 541.0399932861328, 595.1959991455078], "ClipBounds": [72.02499389648438, 581.8040008544922, 541.0399932861328, 595.1959991455078], "Font": {"alt_family_name": "Arial", "embedded": false, "encoding": "WinAnsiEncoding", "family_name": "Arial MT", "font_type": "TrueType", "italic": false, "monospaced": false, "name": "ArialMT", "subset": false, "weight": 400}, "HasClip": true, "Page": 2, "Path": "//Document/Sect[4]/Sect[3]/P[3]/Sub[5]", "Text": "______ \u2610 - Other: ______________________________________________________. ", "TextSize": 12.0, "attributes": {"Placement": "Block"}}, {"Bounds": [72.02499389648438, 553.1499938964844, 448.986083984375, 564.406005859375], "ClipBounds": [72.02499389648438, 553.1499938964844, 448.986083984375, 564.406005859375], "Font": {"alt_family_name": "Arial", "embedded": false, "encoding": "WinAnsiEncoding", "family_name": "Arial MT", "font_type": "TrueType", "italic": false, "monospaced": false, "name": "ArialMT", "subset": false, "weight": 400}, "HasClip": true, "Lang": "en", "Page": 2, "Path": "//Document/Sect[4]/Sect[4]/H2", "Text": "D. END OF LIFE WISHES. (hospice care, funeral arrangements, etc.): ", "TextSize": 12.0}, {"Bounds": [72.02499389648438, 525.6499938964844, 542.5379943847656, 536.906005859375], "ClipBounds": [72.02499389648438, 525.6499938964844, 542.5379943847656, 536.906005859375], "Font": {"alt_family_name": "Arial", "embedded": false, "encoding": "WinAnsiEncoding", "family_name": "Arial MT", "font_type": "TrueType", "italic": false, "monospaced": false, "name": "ArialMT", "subset": false, "weight": 400}, "HasClip": true, "Lang": "en", "Page": 2, "Path": "//Document/Sect[4]/Sect[4]/P", "Text": "When I am near death, it is important to me that: _______________________________ ", "TextSize": 12.0, "attributes": {"SpaceAfter": 18}}, {"Bounds": [72.02499389648438, 484.1300048828125, 523.7779998779297, 495.38600158691406], "ClipBounds": [72.02499389648438, 484.1300048828125, 523.7779998779297, 495.38600158691406], "Page": 2, "Path": "//Document/Sect[4]/Sect[4]/Figure", "attributes": {"BBox": [71.99709999999686, 484.0929999999935, 520.1789999999746, 493.3319999999949], "Placement": "Block"}}, {"Bounds": [185.80999755859375, 456.6300048828125, 424.9939880371094, 470.4600067138672], "ClipBounds": [185.80999755859375, 456.6300048828125, 424.9939880371094, 470.4600067138672], "Font": {"alt_family_name": "Arial", "embedded": false, "encoding": "WinAnsiEncoding", "family_name": "Arial MT", "font_type": "TrueType", "italic": false, "monospaced": false, "name": "ArialMT", "subset": false, "weight": 400}, "HasClip": true, "Page": 2, "Path": "//Document/Sect[4]/Sect[4]/P[2]/StyleSpan/Reference", "Text": "___________________________________ ", "TextSize": 12.0}, {"Bounds": [72.02499389648438, 456.53399658203125, 424.9939880371094, 470.4600067138672], "ClipBounds": [72.02499389648438, 456.53399658203125, 424.9939880371094, 470.4600067138672], "Font": {"alt_family_name": "Arial", "embedded": true, "encoding": "Identity-H", "family_name": "Arial MT", "font_type": "CIDFontType2", "italic": false, "monospaced": false, "name": "ArialMT", "subset": false, "weight": 400}, "HasClip": true, "Lang": "en", "Page": 2, "Path": "//Document/Sect[4]/Sect[4]/P[2]", "Text": "Principal\u2019s Signature: ", "TextSize": 12.0}, {"Bounds": [72.02499389648438, 428.86000061035156, 375.9079895019531, 440.1159973144531], "ClipBounds": [72.02499389648438, 428.86000061035156, 375.9079895019531, 440.1159973144531], "Font": {"alt_family_name": "Arial", "embedded": false, "encoding": "WinAnsiEncoding", "family_name": "Arial MT", "font_type": "TrueType", "italic": false, "monospaced": false, "name": "ArialMT", "subset": false, "weight": 400}, "HasClip": true, "Lang": "en", "Page": 2, "Path": "//Document/Sect[4]/Sect[4]/P[3]", "Text": "Print Name: ___________________________________ ", "TextSize": 12.0}, {"Bounds": [72.02499389648438, 387.61000061035156, 534.3130035400391, 414.656005859375], "ClipBounds": [72.02499389648438, 387.61000061035156, 534.3130035400391, 414.656005859375], "Font": {"alt_family_name": "Arial", "embedded": false, "encoding": "WinAnsiEncoding", "family_name": "Arial MT", "font_type": "TrueType", "italic": false, "monospaced": false, "name": "ArialMT", "subset": false, "weight": 400}, "HasClip": true, "Lang": "en", "Page": 2, "Path": "//Document/Sect[4]/Sect[4]/P[4]", "Text": "Depending on your State\u2019s laws, you either two (2) witnesses and/or notary public may be required for signing this form. ", "TextSize": 12.0}, {"Bounds": [72.02499389648438, 359.86000061035156, 336.302001953125, 371.1159973144531], "ClipBounds": [72.02499389648438, 359.86000061035156, 336.302001953125, 371.1159973144531], "Font": {"alt_family_name": "Arial", "embedded": false, "encoding": "WinAnsiEncoding", "family_name": "Arial MT", "font_type": "TrueType", "italic": false, "monospaced": false, "name": "ArialMT", "subset": false, "weight": 400}, "HasClip": true, "Lang": "en", "Page": 2, "Path": "//Document/Sect[4]/Sect[5]/H2", "Text": "WITNESSES / NOTARY ACKNOWLEDGMENT. ", "TextSize": 12.0}, {"Bounds": [72.02499389648438, 332.3300018310547, 359.7969970703125, 343.58599853515625], "ClipBounds": [72.02499389648438, 332.3300018310547, 359.7969970703125, 343.58599853515625], "Font": {"alt_family_name": "Arial", "embedded": false, "encoding": "WinAnsiEncoding", "family_name": "Arial MT", "font_type": "TrueType", "italic": false, "monospaced": false, "name": "ArialMT", "subset": false, "weight": 400}, "HasClip": true, "Lang": "en", "Page": 2, "Path": "//Document/Sect[4]/Sect[5]/P", "Text": "On the date set forth above, I hereby state as follows: ", "TextSize": 12.0}, {"Bounds": [72.02499389648438, 235.80999755859375, 534.9369964599609, 316.08599853515625], "ClipBounds": [72.02499389648438, 235.80999755859375, 534.9369964599609, 316.08599853515625], "Font": {"alt_family_name": "Arial", "embedded": false, "encoding": "WinAnsiEncoding", "family_name": "Arial MT", "font_type": "TrueType", "italic": false, "monospaced": false, "name": "ArialMT", "subset": false, "weight": 400}, "HasClip": true, "Lang": "en", "Page": 2, "Path": "//Document/Sect[4]/Sect[5]/P[2]", "Text": "The above-named person is personally known to me, and I believe him/her to be of sound mind and to have voluntarily executed this document. I am at least 18 years old, not related to him/her by blood, marriage or adoption, and I am not an Agent or successor Agent named in this document. To my knowledge, I am not a beneficiary of his/her will or any codicil, and I have no claim against his/her estate. I am not directly involved in his/her health care. ", "TextSize": 12.0}, {"Bounds": [72.02499389648438, 208.05999755859375, 140.2449951171875, 219.3159942626953], "ClipBounds": [72.02499389648438, 208.05999755859375, 140.2449951171875, 219.3159942626953], "Font": {"alt_family_name": "Arial", "embedded": false, "encoding": "WinAnsiEncoding", "family_name": "Arial", "font_type": "TrueType", "italic": false, "monospaced": false, "name": "Arial-BoldMT", "subset": false, "weight": 700}, "HasClip": true, "Lang": "en", "Page": 2, "Path": "//Document/Sect[4]/Sect[6]/H2", "Text": "WITNESS 1 ", "TextSize": 12.0}, {"Bounds": [127.78999328613281, 180.52999877929688, 366.95399475097656, 194.47999572753906], "ClipBounds": [127.78999328613281, 180.52999877929688, 366.95399475097656, 194.47999572753906], "Font": {"alt_family_name": "Arial", "embedded": false, "encoding": "WinAnsiEncoding", "family_name": "Arial MT", "font_type": "TrueType", "italic": false, "monospaced": false, "name": "ArialMT", "subset": false, "weight": 400}, "HasClip": true, "Page": 2, "Path": "//Document/Sect[4]/Sect[6]/P/StyleSpan/Reference", "Text": "___________________________________ ", "TextSize": 12.0}, {"Bounds": [72.02499389648438, 180.52999877929688, 502.593994140625, 194.47999572753906], "ClipBounds": [72.02499389648438, 180.52999877929688, 502.593994140625, 194.47999572753906], "Font": {"alt_family_name": "Arial", "embedded": false, "encoding": "WinAnsiEncoding", "family_name": "Arial MT", "font_type": "TrueType", "italic": false, "monospaced": false, "name": "ArialMT", "subset": false, "weight": 400}, "HasClip": true, "Lang": "en", "Page": 2, "Path": "//Document/Sect[4]/Sect[6]/P", "Text": "Signature: Date: _______________ ", "TextSize": 12.0}, {"Bounds": [72.02499389648438, 153.02999877929688, 376.0639953613281, 164.28599548339844], "ClipBounds": [72.02499389648438, 153.02999877929688, 376.0639953613281, 164.28599548339844], "Font": {"alt_family_name": "Arial", "embedded": false, "encoding": "WinAnsiEncoding", "family_name": "Arial MT", "font_type": "TrueType", "italic": false, "monospaced": false, "name": "ArialMT", "subset": false, "weight": 400}, "HasClip": true, "Lang": "en", "Page": 2, "Path": "//Document/Sect[4]/Sect[6]/P[2]", "Text": "Print Name: ___________________________________ ", "TextSize": 12.0}, {"Bounds": [72.02499389648438, 125.27999877929688, 140.2449951171875, 136.53599548339844], "ClipBounds": [72.02499389648438, 125.27999877929688, 140.2449951171875, 136.53599548339844], "Font": {"alt_family_name": "Arial", "embedded": false, "encoding": "WinAnsiEncoding", "family_name": "Arial", "font_type": "TrueType", "italic": false, "monospaced": false, "name": "Arial-BoldMT", "subset": false, "weight": 700}, "HasClip": true, "Lang": "en", "Page": 2, "Path": "//Document/Sect[4]/Sect[7]/H2", "Text": "WITNESS 2 ", "TextSize": 12.0}, {"Bounds": [127.78999328613281, 97.75999450683594, 366.95399475097656, 111.69000244140625], "ClipBounds": [127.78999328613281, 97.75999450683594, 366.95399475097656, 111.69000244140625], "Font": {"alt_family_name": "Arial", "embedded": false, "encoding": "WinAnsiEncoding", "family_name": "Arial MT", "font_type": "TrueType", "italic": false, "monospaced": false, "name": "ArialMT", "subset": false, "weight": 400}, "HasClip": true, "Page": 2, "Path": "//Document/Sect[4]/Sect[7]/P/StyleSpan/Reference", "Text": "___________________________________ ", "TextSize": 12.0}, {"Bounds": [72.02499389648438, 97.75999450683594, 502.593994140625, 111.69000244140625], "ClipBounds": [72.02499389648438, 97.75999450683594, 502.593994140625, 111.69000244140625], "Font": {"alt_family_name": "Arial", "embedded": false, "encoding": "WinAnsiEncoding", "family_name": "Arial MT", "font_type": "TrueType", "italic": false, "monospaced": false, "name": "ArialMT", "subset": false, "weight": 400}, "HasClip": true, "Lang": "en", "Page": 2, "Path": "//Document/Sect[4]/Sect[7]/P", "Text": "Signature: Date: _______________ ", "TextSize": 12.0}, {"Bounds": [72.02499389648438, 70.0050048828125, 376.0639953613281, 81.26100158691406], "ClipBounds": [72.02499389648438, 70.0050048828125, 376.0639953613281, 81.26100158691406], "Font": {"alt_family_name": "Arial", "embedded": false, "encoding": "WinAnsiEncoding", "family_name": "Arial MT", "font_type": "TrueType", "italic": false, "monospaced": false, "name": "ArialMT", "subset": false, "weight": 400}, "HasClip": true, "Lang": "en", "Page": 2, "Path": "//Document/Sect[4]/Sect[7]/P[2]", "Text": "Print Name: ___________________________________ ", "TextSize": 12.0, "attributes": {"SpaceAfter": 18}}, {"Bounds": [72.02499389648438, 741.4499969482422, 252.06109619140625, 752.7059936523438], "ClipBounds": [72.02499389648438, 741.4499969482422, 252.06109619140625, 752.7059936523438], "Font": {"alt_family_name": "Arial", "embedded": false, "encoding": "WinAnsiEncoding", "family_name": "Arial", "font_type": "TrueType", "italic": false, "monospaced": false, "name": "Arial-BoldMT", "subset": false, "weight": 700}, "HasClip": true, "Lang": "en", "Page": 3, "Path": "//Document/Sect[4]/Sect[8]/H2", "Text": "NOTARY ACKNOWLEDGMENT ", "TextSize": 12.0}, {"Bounds": [72.02499389648438, 713.9499969482422, 234.30099487304688, 725.2059936523438], "ClipBounds": [72.02499389648438, 713.9499969482422, 234.30099487304688, 725.2059936523438], "Font": {"alt_family_name": "Arial", "embedded": false, "encoding": "WinAnsiEncoding", "family_name": "Arial MT", "font_type": "TrueType", "italic": false, "monospaced": false, "name": "ArialMT", "subset": false, "weight": 400}, "HasClip": true, "Lang": "en", "Page": 3, "Path": "//Document/Sect[4]/Sect[8]/P", "Text": "State of ________________ } ", "TextSize": 12.0, "attributes": {"SpaceAfter": 18}}, {"Bounds": [72.02499389648438, 699.9499969482422, 244.2849884033203, 711.2059936523438], "ClipBounds": [72.02499389648438, 699.9499969482422, 244.2849884033203, 711.2059936523438], "Font": {"alt_family_name": "Arial", "embedded": false, "encoding": "WinAnsiEncoding", "family_name": "Arial MT", "font_type": "TrueType", "italic": false, "monospaced": false, "name": "ArialMT", "subset": false, "weight": 400}, "HasClip": true, "Lang": "en", "Page": 3, "Path": "//Document/Sect[4]/Sect[8]/P[2]", "Text": "County of ________________ } ", "TextSize": 12.0}, {"Bounds": [72.02499389648438, 672.4499969482422, 500.98899841308594, 683.7059936523438], "ClipBounds": [72.02499389648438, 672.4499969482422, 500.98899841308594, 683.7059936523438], "Font": {"alt_family_name": "Arial", "embedded": false, "encoding": "WinAnsiEncoding", "family_name": "Arial MT", "font_type": "TrueType", "italic": false, "monospaced": false, "name": "ArialMT", "subset": false, "weight": 400}, "HasClip": true, "Lang": "en", "Page": 3, "Path": "//Document/Sect[4]/Sect[8]/P[3]", "Text": "Signed and sworn to me on the ____ day of _____________________, 20____. ", "TextSize": 12.0}, {"Bounds": [72.02499389648438, 589.6499938964844, 538.7289886474609, 656.1860046386719], "ClipBounds": [72.02499389648438, 589.6499938964844, 538.7289886474609, 656.1860046386719], "Font": {"alt_family_name": "Arial", "embedded": false, "encoding": "WinAnsiEncoding", "family_name": "Arial MT", "font_type": "TrueType", "italic": false, "monospaced": false, "name": "ArialMT", "subset": false, "weight": 400}, "HasClip": true, "Lang": "en", "Page": 3, "Path": "//Document/Sect[4]/Sect[8]/P[4]", "Text": "I, the undersigned authority in and for said County in said State, hereby certify that the Principal, __________________________, whose name is signed above in this living will, and who is known to me, acknowledged before me on this day that, being informed of the contents of the said document, (s)he executed the same voluntarily on the day the same bears date. ", "TextSize": 12.0}, {"Bounds": [72.02499389648438, 561.8999938964844, 471.7570037841797, 573.156005859375], "ClipBounds": [72.02499389648438, 561.8999938964844, 471.7570037841797, 573.156005859375], "Font": {"alt_family_name": "Arial", "embedded": false, "encoding": "WinAnsiEncoding", "family_name": "Arial MT", "font_type": "TrueType", "italic": false, "monospaced": false, "name": "ArialMT", "subset": false, "weight": 400}, "HasClip": true, "Lang": "en", "Page": 3, "Path": "//Document/Sect[4]/Sect[8]/P[5]", "Text": "Given under my hand this ____ day of _____________________, 20____. ", "TextSize": 12.0, "attributes": {"SpaceAfter": 18}}, {"Bounds": [202.47999572753906, 520.6600036621094, 441.73399353027344, 534.4700012207031], "ClipBounds": [202.47999572753906, 520.6600036621094, 441.73399353027344, 534.4700012207031], "Font": {"alt_family_name": "Arial", "embedded": false, "encoding": "WinAnsiEncoding", "family_name": "Arial MT", "font_type": "TrueType", "italic": false, "monospaced": false, "name": "ArialMT", "subset": false, "weight": 400}, "HasClip": true, "Page": 3, "Path": "//Document/Sect[4]/Sect[8]/P[6]/StyleSpan/Reference", "Text": "___________________________________ ", "TextSize": 12.0}, {"Bounds": [72.02499389648438, 520.6600036621094, 441.73399353027344, 534.4700012207031], "ClipBounds": [72.02499389648438, 520.6600036621094, 441.73399353027344, 534.4700012207031], "Font": {"alt_family_name": "Arial", "embedded": false, "encoding": "WinAnsiEncoding", "family_name": "Arial MT", "font_type": "TrueType", "italic": false, "monospaced": false, "name": "ArialMT", "subset": false, "weight": 400}, "HasClip": true, "Lang": "en", "Page": 3, "Path": "//Document/Sect[4]/Sect[8]/P[6]", "Text": "Notary Public Signature: ", "TextSize": 12.0}, {"Bounds": [72.02499389648438, 492.8800048828125, 395.697998046875, 504.13600158691406], "ClipBounds": [72.02499389648438, 492.8800048828125, 395.697998046875, 504.13600158691406], "Font": {"alt_family_name": "Arial", "embedded": false, "encoding": "WinAnsiEncoding", "family_name": "Arial MT", "font_type": "TrueType", "italic": false, "monospaced": false, "name": "ArialMT", "subset": false, "weight": 400}, "HasClip": true, "Lang": "en", "Page": 3, "Path": "//Document/Sect[4]/Sect[8]/P[7]", "Text": "Printed Name: ____________________________________ ", "TextSize": 12.0}, {"Bounds": [72.02499389648438, 465.3800048828125, 346.8970031738281, 476.63600158691406], "ClipBounds": [72.02499389648438, 465.3800048828125, 346.8970031738281, 476.63600158691406], "Font": {"alt_family_name": "Arial", "embedded": false, "encoding": "WinAnsiEncoding", "family_name": "Arial MT", "font_type": "TrueType", "italic": false, "monospaced": false, "name": "ArialMT", "subset": false, "weight": 400}, "HasClip": true, "Lang": "en", "Page": 3, "Path": "//Document/Sect[4]/Sect[8]/P[8]", "Text": "My commission expires: _____________________ ", "TextSize": 12.0, "attributes": {"SpaceAfter": 18}}, {"Bounds": [469.4499969482422, 424.11000061035156, 543.7179107666016, 435.3659973144531], "ClipBounds": [469.4499969482422, 424.11000061035156, 543.7179107666016, 435.3659973144531], "Font": {"alt_family_name": "Arial", "embedded": false, "encoding": "WinAnsiEncoding", "family_name": "Arial MT", "font_type": "TrueType", "italic": false, "monospaced": false, "name": "ArialMT", "subset": false, "weight": 400}, "HasClip": true, "Lang": "en", "Page": 3, "Path": "//Document/Sect[4]/Sect[8]/P[9]", "Text": "(Notary Seal) ", "TextSize": 12.0, "attributes": {"LineHeight": 14.375, "SpaceAfter": 18, "TextAlign": "End"}}], "pages": [{"boxes": {"CropBox": [0.0, 0.0, 612.0, 792.0], "MediaBox": [0.0, 0.0, 612.0, 792.0]}, "height": 792.0, "is_scanned": false, "page_number": 0, "rotation": 0, "width": 612.0}, {"boxes": {"CropBox": [0.0, 0.0, 612.0, 792.0], "MediaBox": [0.0, 0.0, 612.0, 792.0]}, "height": 792.0, "is_scanned": false, "page_number": 1, "rotation": 0, "width": 612.0}, {"boxes": {"CropBox": [0.0, 0.0, 612.0, 792.0], "MediaBox": [0.0, 0.0, 612.0, 792.0]}, "height": 792.0, "is_scanned": false, "page_number": 2, "rotation": 0, "width": 612.0}, {"boxes": {"CropBox": [0.0, 0.0, 612.0, 792.0], "MediaBox": [0.0, 0.0, 612.0, 792.0]}, "height": 792.0, "is_scanned": false, "page_number": 3, "rotation": 0, "width": 612.0}]}